seriesID,year,period,periodName,latest,value,footnotes
APU0000703111,2026,M08,August,true,6.774,[{}]
APU0000703111,2026,M07,July,,6.850,[{}]
APU0000703111,2026,M06,June,,6.975,[{}]
APU0000703111,2026,M05,May,,6.718,[{}]
APU0000703111,2026,M04,April,,6.921,[{}]
APU0000703111,2026,M03,March,,6.684,[{}]
APU0000703111,2026,M02,February,,6.703,[{}]
APU0000703111,2026,M01,January,,6.693,[{}]
APU0000703111,2025,M12,December,,6.521,[{}]
APU0000703111,2025,M11,November,,6.504,[{}]
APU0000703111,2025,M10,October,,-,"[{'code': 'X', 'text': 'Data unavailable due to the 2025 lapse in appropriations'}]"
APU0000703111,2025,M09,September,,6.326,[{}]
APU0000703111,2025,M08,August,,6.626,[{}]
APU0000703111,2025,M07,July,,6.338,[{}]
APU0000703111,2025,M06,June,,6.103,[{}]
APU0000703111,2025,M05,May,,6.018,[{}]
APU0000703111,2025,M04,April,,5.996,[{}]
APU0000703111,2025,M03,March,,5.854,[{}]
APU0000703111,2025,M02,February,,5.744,[{}]
APU0000703111,2025,M01,January,,5.495,[{}]
APU0000701312,2026,M08,August,true,1.111,[{}]
APU0000701312,2026,M07,July,,1.100,[{}]
APU0000701312,2026,M06,June,,1.089,[{}]
APU0000701312,2026,M05,May,,1.071,[{}]
APU0000701312,2026,M04,April,,1.076,[{}]
APU0000701312,2026,M03,March,,1.060,[{}]
APU0000701312,2026,M02,February,,1.074,[{}]
APU0000701312,2026,M01,January,,1.059,[{}]
APU0000701312,2025,M12,December,,1.076,[{}]
APU0000701312,2025,M11,November,,1.065,[{}]
APU0000701312,2025,M10,October,,-,"[{'code': 'X', 'text': 'Data unavailable due to the 2025 lapse in appropriations'}]"
APU0000701312,2025,M09,September,,1.060,[{}]
APU0000701312,2025,M08,August,,1.059,[{}]
APU0000701312,2025,M07,July,,1.068,[{}]
APU0000701312,2025,M06,June,,1.061,[{}]
APU0000701312,2025,M05,May,,1.067,[{}]
APU0000701312,2025,M04,April,,1.031,[{}]
APU0000701312,2025,M03,March,,1.038,[{}]
APU0000701312,2025,M02,February,,1.030,[{}]
APU0000701312,2025,M01,January,,1.008,[{}]
APU0000708111,2026,M08,August,true,2.272,[{}]
APU0000708111,2026,M07,July,,2.189,[{}]
APU0000708111,2026,M06,June,,2.141,[{}]
APU0000708111,2026,M05,May,,2.191,[{}]
APU0000708111,2026,M04,April,,2.250,[{}]
APU0000708111,2026,M03,March,,2.348,[{}]
APU0000708111,2026,M02,February,,2.500,[{}]
APU0000708111,2026,M01,January,,2.577,[{}]
APU0000708111,2025,M12,December,,2.712,[{}]
APU0000708111,2025,M11,November,,2.860,[{}]
APU0000708111,2025,M10,October,,-,"[{'code': 'X', 'text': 'Data unavailable due to the 2025 lapse in appropriations'}]"
APU0000708111,2025,M09,September,,3.488,[{}]
APU0000708111,2025,M08,August,,3.587,[{}]
APU0000708111,2025,M07,July,,3.599,[{}]
APU0000708111,2025,M06,June,,3.775,[{}]
APU0000708111,2025,M05,May,,4.548,[{}]
APU0000708111,2025,M04,April,,5.122,[{}]
APU0000708111,2025,M03,March,,6.227,[{}]
APU0000708111,2025,M02,February,,5.897,[{}]
APU0000708111,2025,M01,January,,4.953,[{}]
APU0000712211,2026,M08,August,true,1.471,[{}]
APU0000712211,2026,M07,July,,1.753,[{}]
APU0000712211,2026,M06,June,,2.012,[{}]
APU0000712211,2026,M05,May,,1.964,[{}]
APU0000712211,2026,M04,April,,1.629,[{}]
APU0000712211,2026,M03,March,,1.719,[{}]
APU0000712211,2026,M01,January,,1.699,[{}]
APU0000712211,2025,M11,November,,1.987,[{}]
APU0000712211,2025,M10,October,,-,"[{'code': 'X', 'text': 'Data unavailable due to the 2025 lapse in appropriations'}]"
APU0000712211,2025,M09,September,,1.731,[{}]
APU0000712211,2025,M08,August,,1.673,[{}]
APU0000712211,2025,M07,July,,1.579,[{}]
APU0000712211,2025,M06,June,,1.378,[{}]
APU0000712211,2025,M05,May,,1.438,[{}]
APU0000712211,2025,M04,April,,1.515,[{}]
APU0000712211,2025,M03,March,,1.465,[{}]
APU0000712211,2025,M02,February,,1.522,[{}]
APU0000712211,2025,M01,January,,1.618,[{}]
APU0000FD3101,2026,M08,August,true,4.239,[{}]
APU0000FD3101,2026,M07,July,,4.244,[{}]
APU0000FD3101,2026,M06,June,,4.336,[{}]
APU0000FD3101,2026,M05,May,,4.389,[{}]
APU0000FD3101,2026,M04,April,,4.331,[{}]
APU0000FD3101,2026,M03,March,,4.181,[{}]
APU0000FD3101,2026,M02,February,,4.191,[{}]
APU0000FD3101,2026,M01,January,,4.150,[{}]
APU0000FD3101,2025,M12,December,,4.298,[{}]
APU0000FD3101,2025,M11,November,,4.097,[{}]
APU0000FD3101,2025,M10,October,,-,"[{'code': 'X', 'text': 'Data unavailable due to the 2025 lapse in appropriations'}]"
APU0000FD3101,2025,M09,September,,4.349,[{}]
APU0000FD3101,2025,M08,August,,4.299,[{}]
APU0000FD3101,2025,M07,July,,4.333,[{}]
APU0000FD3101,2025,M06,June,,4.264,[{}]
APU0000FD3101,2025,M05,May,,4.220,[{}]
APU0000FD3101,2025,M04,April,,4.244,[{}]
APU0000FD3101,2025,M03,March,,4.341,[{}]
APU0000FD3101,2025,M02,February,,4.226,[{}]
APU0000FD3101,2025,M01,January,,4.249,[{}]
APU0000702111,2026,M08,August,true,1.823,[{}]
APU0000702111,2026,M07,July,,1.820,[{}]
APU0000702111,2026,M06,June,,1.814,[{}]
APU0000702111,2026,M05,May,,1.830,[{}]
APU0000702111,2026,M04,April,,1.869,[{}]
APU0000702111,2026,M03,March,,1.808,[{}]
APU0000702111,2026,M02,February,,1.850,[{}]
APU0000702111,2026,M01,January,,1.843,[{}]
APU0000702111,2025,M12,December,,1.833,[{}]
APU0000702111,2025,M11,November,,1.790,[{}]
APU0000702111,2025,M10,October,,-,"[{'code': 'X', 'text': 'Data unavailable due to the 2025 lapse in appropriations'}]"
APU0000702111,2025,M09,September,,1.867,[{}]
APU0000702111,2025,M08,August,,1.841,[{}]
APU0000702111,2025,M07,July,,1.851,[{}]
APU0000702111,2025,M06,June,,1.864,[{}]
APU0000702111,2025,M05,May,,1.876,[{}]
APU0000702111,2025,M04,April,,1.913,[{}]
APU0000702111,2025,M03,March,,1.880,[{}]
APU0000702111,2025,M02,February,,1.925,[{}]
APU0000702111,2025,M01,January,,1.925,[{}]
APU0000712112,2026,M08,August,true,0.976,[{}]
APU0000712112,2026,M07,July,,0.942,[{}]
APU0000712112,2026,M06,June,,0.923,[{}]
APU0000712112,2026,M05,May,,0.894,[{}]
APU0000712112,2026,M04,April,,0.860,[{}]
APU0000712112,2026,M03,March,,0.847,[{}]
APU0000712112,2026,M02,February,,0.866,[{}]
APU0000712112,2026,M01,January,,0.871,[{}]
APU0000712112,2025,M12,December,,0.847,[{}]
APU0000712112,2025,M10,October,,-,"[{'code': 'X', 'text': 'Data unavailable due to the 2025 lapse in appropriations'}]"
APU0000712112,2025,M09,September,,1.014,[{}]
APU0000712112,2025,M08,August,,1.001,[{}]
APU0000712112,2025,M07,July,,0.978,[{}]
APU0000712112,2025,M06,June,,0.981,[{}]
APU0000712112,2025,M05,May,,0.958,[{}]
APU0000712112,2025,M04,April,,0.967,[{}]
APU0000712112,2025,M03,March,,0.950,[{}]
APU0000712112,2025,M02,February,,0.957,[{}]
APU0000712112,2025,M01,January,,0.973,[{}]
APU0000703113,2026,M08,August,true,8.573,[{}]
APU0000703113,2026,M07,July,,8.414,[{}]
APU0000703113,2026,M06,June,,8.651,[{}]
APU0000703113,2026,M05,May,,8.624,[{}]
APU0000703113,2026,M04,April,,8.512,[{}]
APU0000703113,2026,M03,March,,8.200,[{}]
APU0000703113,2026,M02,February,,8.338,[{}]
APU0000703113,2026,M01,January,,8.191,[{}]
APU0000703113,2025,M12,December,,8.254,[{}]
APU0000703113,2025,M11,November,,8.232,[{}]
APU0000703113,2025,M10,October,,-,"[{'code': 'X', 'text': 'Data unavailable due to the 2025 lapse in appropriations'}]"
APU0000703113,2025,M09,September,,8.182,[{}]
APU0000703113,2025,M08,August,,7.950,[{}]
APU0000703113,2025,M07,July,,8.035,[{}]
APU0000703113,2025,M06,June,,7.672,[{}]
APU0000703113,2025,M05,May,,7.688,[{}]
APU0000703113,2025,M04,April,,7.551,[{}]
APU0000703113,2025,M03,March,,7.476,[{}]
APU0000703113,2025,M02,February,,7.244,[{}]
APU0000703113,2025,M01,January,,7.110,[{}]
APU0000703512,2026,M04,April,true,9.328,[{}]
APU0000703512,2026,M03,March,,9.188,[{}]
APU0000703512,2026,M01,January,,9.057,[{}]
APU0000703512,2025,M12,December,,9.335,[{}]
APU0000703512,2025,M10,October,,-,"[{'code': 'X', 'text': 'Data unavailable due to the 2025 lapse in appropriations'}]"
APU0000703512,2025,M09,September,,9.062,[{}]
APU0000703512,2025,M08,August,,8.769,[{}]
APU0000703512,2025,M07,July,,8.706,[{}]
APU0000703512,2025,M06,June,,8.394,[{}]
APU0000703512,2025,M05,May,,8.199,[{}]
APU0000703512,2025,M04,April,,8.126,[{}]
APU0000703512,2025,M03,March,,8.155,[{}]
APU0000703512,2025,M02,February,,8.128,[{}]
APU0000703512,2025,M01,January,,8.055,[{}]
APU0000706111,2026,M08,August,true,2.012,[{}]
APU0000706111,2026,M07,July,,2.005,[{}]
APU0000706111,2026,M06,June,,2.044,[{}]
APU0000706111,2026,M05,May,,2.036,[{}]
APU0000706111,2026,M04,April,,2.026,[{}]
APU0000706111,2026,M03,March,,2.033,[{}]
APU0000706111,2026,M02,February,,2.049,[{}]
APU0000706111,2026,M01,January,,2.041,[{}]
APU0000706111,2025,M12,December,,2.020,[{}]
APU0000706111,2025,M11,November,,2.044,[{}]
APU0000706111,2025,M10,October,,-,"[{'code': 'X', 'text': 'Data unavailable due to the 2025 lapse in appropriations'}]"
APU0000706111,2025,M09,September,,2.061,[{}]
APU0000706111,2025,M08,August,,2.076,[{}]
APU0000706111,2025,M07,July,,2.078,[{}]
APU0000706111,2025,M06,June,,2.086,[{}]
APU0000706111,2025,M05,May,,2.061,[{}]
APU0000706111,2025,M04,April,,2.059,[{}]
APU0000706111,2025,M03,March,,2.064,[{}]
APU0000706111,2025,M02,February,,2.051,[{}]
APU0000706111,2025,M01,January,,2.061,[{}]
APU0000704312,2026,M08,August,true,5.382,[{}]
APU0000704312,2026,M07,July,,5.492,[{}]
APU0000704312,2026,M06,June,,5.508,[{}]
APU0000704312,2026,M05,May,,5.457,[{}]
APU0000704312,2026,M04,April,,5.405,[{}]
APU0000704312,2026,M03,March,,5.479,[{}]
APU0000704312,2026,M02,February,,5.616,[{}]
APU0000704312,2026,M01,January,,5.500,[{}]
APU0000704312,2025,M12,December,,5.356,[{}]
APU0000704312,2025,M11,November,,5.462,[{}]
APU0000704312,2025,M10,October,,-,"[{'code': 'X', 'text': 'Data unavailable due to the 2025 lapse in appropriations'}]"
APU0000704312,2025,M09,September,,5.478,[{}]
APU0000704312,2025,M08,August,,5.432,[{}]
APU0000704312,2025,M07,July,,5.685,[{}]
APU0000704312,2025,M06,June,,5.379,[{}]
APU0000704312,2025,M05,May,,5.453,[{}]
APU0000704312,2025,M04,April,,5.473,[{}]
APU0000704312,2025,M03,March,,5.603,[{}]
APU0000704312,2025,M02,February,,5.520,[{}]
APU0000704312,2025,M01,January,,5.476,[{}]
APU0000710212,2026,M08,August,true,5.983,[{}]
APU0000710212,2026,M07,July,,5.741,[{}]
APU0000710212,2026,M06,June,,5.960,[{}]
APU0000710212,2026,M05,May,,5.685,[{}]
APU0000710212,2026,M04,April,,6.029,[{}]
APU0000710212,2026,M03,March,,5.970,[{}]
APU0000710212,2026,M02,February,,5.987,[{}]
APU0000710212,2026,M01,January,,5.982,[{}]
APU0000710212,2025,M12,December,,5.789,[{}]
APU0000710212,2025,M11,November,,5.636,[{}]
APU0000710212,2025,M10,October,,-,"[{'code': 'X', 'text': 'Data unavailable due to the 2025 lapse in appropriations'}]"
APU0000710212,2025,M09,September,,6.049,[{}]
APU0000710212,2025,M08,August,,6.123,[{}]
APU0000710212,2025,M07,July,,6.041,[{}]
APU0000710212,2025,M06,June,,5.999,[{}]
APU0000710212,2025,M05,May,,5.908,[{}]
APU0000710212,2025,M04,April,,5.743,[{}]
APU0000710212,2025,M03,March,,5.737,[{}]
APU0000710212,2025,M02,February,,5.536,[{}]
APU0000710212,2025,M01,January,,5.698,[{}]
APU0000FL2101,2026,M08,August,true,3.286,[{}]
APU0000FL2101,2026,M07,July,,3.469,[{}]
APU0000FL2101,2026,M06,June,,4.021,[{}]
APU0000FL2101,2026,M05,May,,3.624,[{}]
APU0000FL2101,2026,M04,April,,3.195,[{}]
APU0000FL2101,2026,M03,March,,3.607,[{}]
APU0000FL2101,2026,M02,February,,3.560,[{}]
APU0000FL2101,2026,M01,January,,3.379,[{}]
APU0000FL2101,2025,M12,December,,3.466,[{}]
APU0000FL2101,2025,M11,November,,3.399,[{}]
APU0000FL2101,2025,M10,October,,-,"[{'code': 'X', 'text': 'Data unavailable due to the 2025 lapse in appropriations'}]"
APU0000FL2101,2025,M07,July,,3.006,[{}]
APU0000FL2101,2025,M06,June,,2.951,[{}]
APU0000FL2101,2025,M05,May,,2.994,[{}]
APU0000FL2101,2025,M04,April,,2.915,[{}]
APU0000FL2101,2025,M03,March,,2.923,[{}]
APU0000FL2101,2025,M02,February,,2.865,[{}]
APU0000FL2101,2025,M01,January,,2.831,[{}]
APU0000711211,2026,M08,August,true,0.652,[{}]
APU0000711211,2026,M07,July,,0.650,[{}]
APU0000711211,2026,M06,June,,0.645,[{}]
APU0000711211,2026,M05,May,,0.646,[{}]
APU0000711211,2026,M04,April,,0.654,[{}]
APU0000711211,2026,M03,March,,0.657,[{}]
APU0000711211,2026,M02,February,,0.653,[{}]
APU0000711211,2026,M01,January,,0.653,[{}]
APU0000711211,2025,M12,December,,0.656,[{}]
APU0000711211,2025,M11,November,,0.664,[{}]
APU0000711211,2025,M10,October,,-,"[{'code': 'X', 'text': 'Data unavailable due to the 2025 lapse in appropriations'}]"
APU0000711211,2025,M09,September,,0.670,[{}]
APU0000711211,2025,M08,August,,0.666,[{}]
APU0000711211,2025,M07,July,,0.657,[{}]
APU0000711211,2025,M06,June,,0.654,[{}]
APU0000711211,2025,M05,May,,0.655,[{}]
APU0000711211,2025,M04,April,,0.635,[{}]
APU0000711211,2025,M03,March,,0.625,[{}]
APU0000711211,2025,M02,February,,0.619,[{}]
APU0000711211,2025,M01,January,,0.621,[{}]
APU0000711311,2026,M08,August,true,1.709,[{}]
APU0000711311,2026,M06,June,,1.540,[{}]
APU0000711311,2026,M05,May,,1.542,[{}]
APU0000711311,2026,M04,April,,1.504,[{}]
APU0000711311,2026,M03,March,,1.483,[{}]
APU0000711311,2026,M02,February,,1.508,[{}]
APU0000711311,2026,M01,January,,1.536,[{}]
APU0000711311,2025,M12,December,,1.570,[{}]
APU0000711311,2025,M10,October,,-,"[{'code': 'X', 'text': 'Data unavailable due to the 2025 lapse in appropriations'}]"
APU0000711311,2025,M09,September,,1.803,[{}]
APU0000711311,2025,M08,August,,1.795,[{}]
APU0000711311,2025,M06,June,,1.633,[{}]
APU0000711311,2025,M05,May,,1.564,[{}]
APU0000711311,2025,M04,April,,1.485,[{}]
APU0000711311,2025,M03,March,,1.484,[{}]
APU0000711311,2025,M02,February,,1.536,[{}]
APU0000711311,2025,M01,January,,1.531,[{}]
APU0000706212,2026,M08,August,true,1.670,[{}]
APU0000706212,2026,M07,July,,1.723,[{}]
APU0000706212,2026,M06,June,,1.688,[{}]
APU0000706212,2026,M05,May,,1.786,[{}]
APU0000706212,2026,M04,April,,1.712,[{}]
APU0000706212,2026,M03,March,,1.739,[{}]
APU0000706212,2026,M02,February,,1.707,[{}]
APU0000706212,2026,M01,January,,1.735,[{}]
APU0000706212,2025,M12,December,,1.725,[{}]
APU0000706212,2025,M11,November,,1.795,[{}]
APU0000706212,2025,M10,October,,-,"[{'code': 'X', 'text': 'Data unavailable due to the 2025 lapse in appropriations'}]"
APU0000706212,2025,M09,September,,1.796,[{}]
APU0000706212,2025,M08,August,,1.797,[{}]
APU0000706212,2025,M07,July,,1.799,[{}]
APU0000706212,2025,M06,June,,1.815,[{}]
APU0000706212,2025,M05,May,,1.785,[{}]
APU0000706212,2025,M04,April,,1.789,[{}]
APU0000706212,2025,M03,March,,1.805,[{}]
APU0000706212,2025,M02,February,,1.792,[{}]
APU0000706212,2025,M01,January,,1.791,[{}]
APU0000714221,2026,M08,August,true,1.274,[{}]
APU0000714221,2026,M07,July,,1.284,[{}]
APU0000714221,2026,M06,June,,1.286,[{}]
APU0000714221,2026,M05,May,,1.315,[{}]
APU0000714221,2026,M04,April,,1.293,[{}]
APU0000714221,2026,M03,March,,1.311,[{}]
APU0000714221,2026,M02,February,,1.312,[{}]
APU0000714221,2026,M01,January,,1.298,[{}]
APU0000714221,2025,M12,December,,1.164,[{}]
APU0000714221,2025,M11,November,,1.174,[{}]
APU0000714221,2025,M10,October,,-,"[{'code': 'X', 'text': 'Data unavailable due to the 2025 lapse in appropriations'}]"
APU0000714221,2025,M09,September,,1.422,[{}]
APU0000714221,2025,M08,August,,1.400,[{}]
APU0000714221,2025,M07,July,,1.415,[{}]
APU0000714221,2025,M06,June,,1.414,[{}]
APU0000714221,2025,M05,May,,1.446,[{}]
APU0000714221,2025,M04,April,,1.331,[{}]
APU0000714221,2025,M03,March,,1.341,[{}]
APU0000714221,2025,M02,February,,1.351,[{}]
APU0000714221,2025,M01,January,,1.330,[{}]
APU0000702421,2026,M08,August,true,5.214,[{}]
APU0000702421,2026,M07,July,,5.008,[{}]
APU0000702421,2026,M06,June,,4.964,[{}]
APU0000702421,2026,M05,May,,5.181,[{}]
APU0000702421,2026,M04,April,,5.182,[{}]
APU0000702421,2026,M03,March,,5.309,[{}]
APU0000702421,2026,M02,February,,5.255,[{}]
APU0000702421,2026,M01,January,,5.352,[{}]
APU0000702421,2025,M12,December,,5.128,[{}]
APU0000702421,2025,M11,November,,5.331,[{}]
APU0000702421,2025,M10,October,,-,"[{'code': 'X', 'text': 'Data unavailable due to the 2025 lapse in appropriations'}]"
APU0000702421,2025,M09,September,,5.150,[{}]
APU0000702421,2025,M08,August,,5.122,[{}]
APU0000702421,2025,M07,July,,5.264,[{}]
APU0000702421,2025,M06,June,,5.108,[{}]
APU0000702421,2025,M05,May,,5.049,[{}]
APU0000702421,2025,M04,April,,4.956,[{}]
APU0000702421,2025,M03,March,,4.863,[{}]
APU0000702421,2025,M02,February,,4.658,[{}]
APU0000702421,2025,M01,January,,4.895,[{}]
APU0000703213,2026,M08,August,true,9.448,[{}]
APU0000703213,2026,M07,July,,9.631,[{}]
APU0000703213,2026,M06,June,,9.550,[{}]
APU0000703213,2026,M05,May,,9.607,[{}]
APU0000703213,2026,M04,April,,9.495,[{}]
APU0000703213,2026,M03,March,,8.833,[{}]
APU0000703213,2026,M02,February,,8.957,[{}]
APU0000703213,2026,M01,January,,8.709,[{}]
APU0000703213,2025,M12,December,,8.951,[{}]
APU0000703213,2025,M11,November,,9.343,[{}]
APU0000703213,2025,M10,October,,-,"[{'code': 'X', 'text': 'Data unavailable due to the 2025 lapse in appropriations'}]"
APU0000703213,2025,M09,September,,9.232,[{}]
APU0000703213,2025,M08,August,,8.845,[{}]
APU0000703213,2025,M07,July,,8.439,[{}]
APU0000703213,2025,M06,June,,8.197,[{}]
APU0000703213,2025,M05,May,,7.875,[{}]
APU0000703213,2025,M04,April,,7.980,[{}]
APU0000703213,2025,M03,March,,8.097,[{}]
APU0000703213,2025,M02,February,,8.104,[{}]
APU0000703213,2025,M01,January,,7.694,[{}]
APU0000704111,2026,M08,August,true,6.605,[{}]
APU0000704111,2026,M07,July,,6.584,[{}]
APU0000704111,2026,M06,June,,6.561,[{}]
APU0000704111,2026,M05,May,,6.712,[{}]
APU0000704111,2026,M04,April,,6.826,[{}]
APU0000704111,2026,M03,March,,6.801,[{}]
APU0000704111,2026,M02,February,,6.904,[{}]
APU0000704111,2026,M01,January,,6.978,[{}]
APU0000704111,2025,M12,December,,6.760,[{}]
APU0000704111,2025,M11,November,,6.928,[{}]
APU0000704111,2025,M10,October,,-,"[{'code': 'X', 'text': 'Data unavailable due to the 2025 lapse in appropriations'}]"
APU0000704111,2025,M09,September,,7.290,[{}]
APU0000704111,2025,M08,August,,7.208,[{}]
APU0000704111,2025,M07,July,,7.118,[{}]
APU0000704111,2025,M06,June,,7.098,[{}]
APU0000704111,2025,M05,May,,6.985,[{}]
APU0000704111,2025,M04,April,,7.009,[{}]
APU0000704111,2025,M03,March,,6.978,[{}]
APU0000704111,2025,M02,February,,6.798,[{}]
APU0000704111,2025,M01,January,,7.044,[{}]
APU0000703432,2026,M08,August,true,8.587,[{}]
APU0000703432,2026,M07,July,,9.025,[{}]
APU0000703432,2026,M06,June,,9.304,[{}]
APU0000703432,2026,M05,May,,9.003,[{}]
APU0000703432,2026,M04,April,,8.651,[{}]
APU0000703432,2026,M03,March,,8.413,[{}]
APU0000703432,2026,M02,February,,8.358,[{}]
APU0000703432,2026,M01,January,,8.463,[{}]
APU0000703432,2025,M12,December,,8.630,[{}]
APU0000703432,2025,M11,November,,9.172,[{}]
APU0000703432,2025,M10,October,,-,"[{'code': 'X', 'text': 'Data unavailable due to the 2025 lapse in appropriations'}]"
APU0000703432,2025,M09,September,,8.680,[{}]
APU0000703432,2025,M08,August,,8.815,[{}]
APU0000703432,2025,M07,July,,8.188,[{}]
APU0000703432,2025,M06,June,,8.016,[{}]
APU0000703432,2025,M05,May,,7.729,[{}]
APU0000703432,2025,M04,April,,7.733,[{}]
APU0000703432,2025,M03,March,,7.601,[{}]
APU0000703432,2025,M02,February,,7.677,[{}]
APU0000703432,2025,M01,January,,7.318,[{}]
APU0000703613,2026,M08,August,true,14.357,[{}]
APU0000703613,2026,M07,July,,14.592,[{}]
APU0000703613,2026,M06,June,,14.451,[{}]
APU0000703613,2026,M05,May,,14.274,[{}]
APU0000703613,2026,M04,April,,14.727,[{}]
APU0000703613,2026,M03,March,,14.124,[{}]
APU0000703613,2026,M02,February,,14.191,[{}]
APU0000703613,2026,M01,January,,13.837,[{}]
APU0000703613,2025,M12,December,,14.027,[{}]
APU0000703613,2025,M11,November,,13.342,[{}]
APU0000703613,2025,M10,October,,-,"[{'code': 'X', 'text': 'Data unavailable due to the 2025 lapse in appropriations'}]"
APU0000703613,2025,M09,September,,14.135,[{}]
APU0000703613,2025,M08,August,,14.319,[{}]
APU0000703613,2025,M07,July,,13.554,[{}]
APU0000703613,2025,M06,June,,12.923,[{}]
APU0000703613,2025,M05,May,,12.207,[{}]
APU0000703613,2025,M04,April,,12.326,[{}]
APU0000703613,2025,M03,March,,11.924,[{}]
APU0000703613,2025,M02,February,,11.899,[{}]
APU0000703613,2025,M01,January,,11.965,[{}]
APU0000701322,2026,M08,August,true,1.374,[{}]
APU0000701322,2026,M07,July,,1.381,[{}]
APU0000701322,2026,M06,June,,1.367,[{}]
APU0000701322,2026,M05,May,,1.374,[{}]
APU0000701322,2026,M04,April,,1.343,[{}]
APU0000701322,2026,M03,March,,1.308,[{}]
APU0000701322,2026,M02,February,,1.323,[{}]
APU0000701322,2026,M01,January,,1.325,[{}]
APU0000701322,2025,M12,December,,1.311,[{}]
APU0000701322,2025,M11,November,,1.300,[{}]
APU0000701322,2025,M10,October,,-,"[{'code': 'X', 'text': 'Data unavailable due to the 2025 lapse in appropriations'}]"
APU0000701322,2025,M09,September,,1.205,[{}]
APU0000701322,2025,M08,August,,1.294,[{}]
APU0000701322,2025,M07,July,,1.306,[{}]
APU0000701322,2025,M06,June,,1.318,[{}]
APU0000701322,2025,M05,May,,1.322,[{}]
APU0000701322,2025,M04,April,,1.361,[{}]
APU0000701322,2025,M03,March,,1.379,[{}]
APU0000701322,2025,M02,February,,1.381,[{}]
APU0000701322,2025,M01,January,,1.366,[{}]
APU0000711412,2026,M08,August,true,2.114,[{}]
APU0000711412,2026,M07,July,,2.127,[{}]
APU0000711412,2026,M06,June,,2.109,[{}]
APU0000711412,2026,M05,May,,2.091,[{}]
APU0000711412,2026,M04,April,,2.032,[{}]
APU0000711412,2026,M03,March,,2.003,[{}]
APU0000711412,2026,M02,February,,1.955,[{}]
APU0000711412,2026,M01,January,,1.971,[{}]
APU0000711412,2025,M12,December,,1.976,[{}]
APU0000711412,2025,M11,November,,2.024,[{}]
APU0000711412,2025,M10,October,,-,"[{'code': 'X', 'text': 'Data unavailable due to the 2025 lapse in appropriations'}]"
APU0000711412,2025,M09,September,,2.077,[{}]
APU0000711412,2025,M08,August,,2.081,[{}]
APU0000711412,2025,M07,July,,1.997,[{}]
APU0000711412,2025,M06,June,,1.882,[{}]
APU0000711412,2025,M05,May,,1.897,[{}]
APU0000711412,2025,M04,April,,1.927,[{}]
APU0000711412,2025,M03,March,,1.983,[{}]
APU0000711412,2025,M02,February,,2.056,[{}]
APU0000711412,2025,M01,January,,2.080,[{}]
APU0000709112,2026,M08,August,true,4.229,[{}]
APU0000709112,2026,M07,July,,4.313,[{}]
APU0000709112,2026,M06,June,,4.317,[{}]
APU0000709112,2026,M05,May,,4.217,[{}]
APU0000709112,2026,M04,April,,4.136,[{}]
APU0000709112,2026,M03,March,,4.067,[{}]
APU0000709112,2026,M02,February,,4.026,[{}]
APU0000709112,2026,M01,January,,4.100,[{}]
APU0000709112,2025,M12,December,,4.047,[{}]
APU0000709112,2025,M11,November,,3.997,[{}]
APU0000709112,2025,M10,October,,-,"[{'code': 'X', 'text': 'Data unavailable due to the 2025 lapse in appropriations'}]"
APU0000709112,2025,M09,September,,4.129,[{}]
APU0000709112,2025,M08,August,,4.171,[{}]
APU0000709112,2025,M07,July,,4.162,[{}]
APU0000709112,2025,M06,June,,4.029,[{}]
APU0000709112,2025,M05,May,,4.022,[{}]
APU0000709112,2025,M04,April,,4.074,[{}]
APU0000709112,2025,M03,March,,4.050,[{}]
APU0000709112,2025,M02,February,,4.026,[{}]
APU0000709112,2025,M01,January,,4.025,[{}]
