date,"All Ham (Excluding Canned Ham and Luncheon Slices), per lb.","All Pork Chops, per lb.","All soft drinks, 12 pk, 12 oz., cans, per 12 oz.","All soft drinks, per 2 liters","All uncooked ground beef, per lb.","American processed cheese, per lb.","Bacon, sliced, per lb.","Beans, dried, any type, all sizes, per lb.","Bread, white, pan, per lb.","Butter, stick, per lb.","Chops, boneless, per lb.","Corn, canned, any style, all sizes, per lb.","Flour, white, all purpose, per lb.","Ground beef, 100% beef, per lb.","Ham, boneless, excluding canned, per lb.","Lemons, per lb.","Lettuce, iceberg, per lb.","Milk, fresh, low-fat, reduced fat, skim, per gal.","Milk, fresh, whole, fortified, per gal.","Potatoes, white, per lb.","Spaghetti and macaroni, per lb.","Steak, round, USDA Choice, boneless, per lb.","Steak, round, graded and ungraded, excluding USDA Prime and Choice, per lb.","Steak, sirloin, USDA Choice, boneless, per lb.","Sugar, white, all sizes, per lb."
2025-01-01,4.411,4.249,0.582,2.093,5.820,5.058,7.044,1.654,1.925,4.912,4.530,1.330,0.561,5.545,5.476,2.080,1.618,3.784,4.025,0.973,1.366,8.280,8.055,11.965,1.011
2025-02-01,4.428,4.226,0.572,2.101,5.961,5.026,6.798,1.631,1.925,4.869,4.558,1.351,0.561,5.625,5.520,2.056,1.522,3.798,4.026,0.957,1.381,8.485,8.128,11.899,1.012
2025-03-01,4.496,4.341,0.583,2.103,6.137,4.946,6.978,1.640,1.880,4.816,4.771,1.341,0.565,5.790,5.603,1.983,1.465,3.851,4.050,0.950,1.379,8.554,8.155,11.924,1.014
2025-04-01,4.451,4.244,0.581,2.104,6.142,4.987,7.009,1.674,1.913,4.780,4.609,1.331,0.557,5.801,5.473,1.927,1.515,3.850,4.074,0.967,1.361,8.627,8.126,12.326,1.021
2025-05-01,4.451,4.220,0.558,2.129,6.245,5.063,6.985,1.669,1.876,4.952,4.601,1.446,0.562,5.981,5.453,1.897,1.438,3.777,4.022,0.958,1.322,8.401,8.199,12.207,1.054
2025-06-01,4.401,4.264,0.579,2.183,6.342,5.038,7.098,1.588,1.864,4.872,4.618,1.414,0.574,6.120,5.379,1.882,1.378,3.592,4.029,0.981,1.318,8.457,8.394,12.923,1.054
2025-07-01,4.660,4.333,0.565,2.199,6.504,4.906,7.118,1.649,1.851,4.797,4.691,1.415,0.557,6.254,5.685,1.997,1.579,3.662,4.162,0.978,1.306,8.690,8.706,13.554,1.046
2025-08-01,4.501,4.299,0.567,2.208,6.631,5.008,7.208,1.547,1.841,4.828,4.688,1.400,0.557,6.318,5.432,2.081,1.673,3.663,4.171,1.001,1.294,9.076,8.769,14.319,1.040
2025-09-01,4.533,4.349,0.569,2.234,6.643,4.925,7.290,1.629,1.867,4.787,4.748,1.422,0.563,6.323,5.478,2.077,1.731,3.648,4.129,1.014,1.205,9.360,9.062,14.135,1.042
2025-10-01,-,-,-,-,-,-,-,-,-,-,-,-,-,-,-,-,-,-,-,-,-,-,-,-,-
2025-11-01,4.394,4.097,0.549,2.093,6.781,4.725,6.928,1.686,1.790,4.310,4.391,1.174,0.552,6.540,5.462,2.024,1.987,3.410,3.997,,1.300,9.665,,13.342,0.991
2025-12-01,4.309,4.298,0.548,1.975,6.821,4.734,6.760,1.689,1.833,4.408,4.671,1.164,0.554,6.687,5.356,1.976,,3.372,4.047,0.847,1.311,9.875,9.335,14.027,0.985
2026-01-01,4.434,4.150,0.611,2.115,6.868,4.845,6.978,1.702,1.843,4.383,4.433,1.298,0.565,6.752,5.500,1.971,1.699,3.426,4.100,0.871,1.325,9.836,9.057,13.837,1.022
2026-02-01,4.481,4.191,0.593,2.215,6.895,4.680,6.904,1.704,1.850,4.314,4.496,1.312,0.549,6.739,5.616,1.955,,3.409,4.026,0.866,1.323,10.095,,14.191,1.016
2026-03-01,4.439,4.181,0.603,2.204,6.863,4.783,6.801,1.696,1.808,4.258,4.484,1.311,0.549,6.701,5.479,2.003,1.719,3.404,4.067,0.847,1.308,9.610,9.188,14.124,0.996
2026-04-01,4.348,4.331,0.590,2.246,7.056,4.690,6.826,1.705,1.869,4.216,4.699,1.293,0.543,6.899,5.405,2.032,1.629,3.520,4.136,0.860,1.343,9.825,9.328,14.727,1.006
2026-05-01,4.448,4.389,0.574,2.195,7.064,4.572,6.712,1.669,1.830,3.929,4.616,1.315,0.544,6.745,5.457,2.091,1.964,3.633,4.217,0.894,1.374,9.789,,14.274,1.034
2026-06-01,4.461,4.336,0.612,2.196,7.141,4.626,6.561,1.626,1.814,3.816,4.555,1.286,0.544,6.825,5.508,2.109,2.012,3.750,4.317,0.923,1.367,9.844,,14.451,1.018
2026-07-01,4.489,4.244,0.606,2.265,7.116,4.746,6.584,1.689,1.820,3.922,4.573,1.284,0.543,6.885,5.492,2.127,1.753,3.800,4.313,0.942,1.381,10.036,,14.592,1.024
2026-08-01,4.405,4.239,0.603,2.228,7.158,4.747,6.605,1.630,1.823,4.021,4.532,1.274,0.548,6.923,5.382,2.114,1.471,3.715,4.229,0.976,1.374,9.692,,14.357,1.024
