item_name,2026-07-01 00:00:00,2026-08-01 00:00:00,change
"All Pork Chops, per lb.",4.244,4.239,-0.1178133836003745
"All uncooked ground beef, per lb.",7.116,7.158,0.5902192242833152
"American processed cheese, per lb.",4.746,4.747,0.021070375052664257
"Bacon, sliced, per lb.",6.584,6.605,0.31895504252735113
"Bread, white, pan, per lb.",1.820,1.823,0.16483516483515886
"Chicken breast, boneless, per lb.",4.153,4.173,0.4815795810257757
"Chicken legs, bone-in, per lb.",1.723,1.670,-3.0760301799187553
"Chicken, fresh, whole, per lb.",2.005,2.012,0.3491271820448936
"Chops, boneless, per lb.",4.573,4.532,-0.896566805160734
"Chuck roast, USDA Choice, boneless, per lb.",9.631,9.448,-1.9001142145156247
"Coffee, 100%, ground roast, all sizes, per lb.",9.317,9.299,-0.19319523451755588
"Cookies, chocolate chip, per lb.",5.008,5.214,4.113418530351446
"Corn, canned, any style, all sizes, per lb.",1.284,1.274,-0.7788161993769477
"Eggs, grade A, large, per doz.",2.189,2.272,3.791685701233428
"Ground chuck, 100% beef, per lb.",6.850,6.774,-1.1094890510948852
"Ham, boneless, excluding canned, per lb.",5.492,5.382,-2.0029133284777916
"Lettuce, romaine, per lb.",3.469,3.286,-5.275295474200052
"Milk, fresh, whole, fortified, per gal.",4.313,4.229,-1.9476002782286026
"Potato chips, per 16 oz.",6.559,6.751,2.927275499313922
"Rice, white, long grain, uncooked, per lb.",1.100,1.111,0.9999999999999907
"Spaghetti and macaroni, per lb.",1.381,1.374,-0.5068790731354016
"Steak, sirloin, USDA Choice, boneless, per lb.",14.592,14.357,-1.6104714912280784
